model,mean,std,min,max
RandomForest,0.9767360722952362,0.012742102523937976,0.9403973509933776,0.9950248756218906
XGBoost,0.9816013217662638,0.014463400622561203,0.9342105263157896,0.9950248756218906
